scope,pair,session,regime_dimension,regime_bucket,avg_return,median_return,avg_abs_return,avg_range,continuation_prob,reversal_prob,bullish_frac,bearish_frac,realized_vol,avg_directional_efficiency_ratio,avg_close_location_value,sample_count,low_sample
pair_session,EURUSD,asia,extreme_regime,intermediate,-9.189109891924444e-06,-6.737505626868373e-05,0.0010449453831966906,0.00229289252903495,0.5033557046979866,0.4865771812080537,0.46308724832214765,0.5302013422818792,0.00027824172128412274,0.17642366132644133,0.4788027037052509,298,False
pair_session,EURUSD,asia,extreme_regime,recent_extreme,-8.551539348028318e-05,-8.448762700932141e-05,0.001335045292078047,0.0027044661953338936,0.6534839924670434,0.3465160075329567,0.4689265536723164,0.5310734463276836,0.0003195728317003608,0.1914520448292418,0.494739105501344,531,False
pair_session,EURUSD,asia,extreme_regime,stale,-3.180381591832649e-05,2.6235357390939568e-05,0.0011016079999358831,0.0022978426176245245,0.5438066465256798,0.4501510574018127,0.513595166163142,0.48539778449144005,0.0002694195968378373,0.18819285627844218,0.49057983949123635,993,False
pair_session,EURUSD,asia,range_regime,compressed,-1.5428436972097824e-05,-9.319621064061648e-06,0.0005421645034247273,0.0015194916585745284,0.5975359342915811,0.39630390143737165,0.49075975359342916,0.5071868583162218,0.00022770228848690985,0.11259009162836835,0.49238196065040135,487,False
pair_session,EURUSD,asia,range_regime,expanded,-0.00010472344302428033,-0.0003167525553402373,0.001971840376202,0.0035140328450046538,0.5650623885918004,0.43315508021390375,0.47771836007130125,0.5222816399286988,0.0003558534821929416,0.2753509304255837,0.48061313732747984,561,False
pair_session,EURUSD,asia,range_regime,normal,-1.600597688959877e-05,2.3170782569956516e-05,0.0009583599045538074,0.0021820784568777245,0.5552665799739922,0.43823146944083224,0.5045513654096229,0.4928478543563069,0.00027075658613955023,0.16994630466201144,0.4958360214095373,769,False
pair_session,EURUSD,asia,range_regime,unknown,-0.000231224264517541,-0.0007997381168445422,0.0013968374806692912,0.002345609112697823,0.4,0.6,0.4,0.6,0.0002812466981706327,0.22376765744906968,0.364713199756052,5,True
pair_session,EURUSD,asia,volatility_regime,high,-3.1135677384518824e-05,-4.594751879902528e-06,0.0017584809744319767,0.003647190351148625,0.5855263157894737,0.41118421052631576,0.49506578947368424,0.5032894736842105,0.0004370378325785849,0.18995588174040529,0.4949783330604342,608,False
pair_session,EURUSD,asia,volatility_regime,low,-3.160842695799334e-05,-9.319621064061648e-06,0.0006863848308577029,0.0014532828039687678,0.5436573311367381,0.44481054365733114,0.4942339373970346,0.5024711696869851,0.00016663390181313745,0.18432173850830458,0.497363532295952,607,False
pair_session,EURUSD,asia,volatility_regime,medium,-6.855257146529268e-05,-1.8400533615391108e-05,0.0010352676992374321,0.00214411342202382,0.5782537067545305,0.42174629324546953,0.4876441515650741,0.5123558484349259,0.000252515791807543,0.18737120558713788,0.47724705228301345,607,False
pair_session,EURUSD,london,extreme_regime,intermediate,-0.00012784307808983648,-8.565859488212534e-05,0.002144379319529538,0.0041773041179506394,0.5375,0.45625,0.48333333333333334,0.5166666666666667,0.000519824717254753,0.21400585557251223,0.47248371247326504,480,False
pair_session,EURUSD,london,extreme_regime,recent_extreme,-9.150377583560933e-05,-0.00011681483005965257,0.00209873786474376,0.004118550713702082,0.583180987202925,0.41224862888482633,0.4826325411334552,0.5164533820840951,0.0005115270677070721,0.21900319244441488,0.4826299690600049,1094,False
pair_session,EURUSD,london,extreme_regime,stale,-9.700947108290704e-05,6.592305852075981e-05,0.001946606012414054,0.003966548753186344,0.5201612903225806,0.4798387096774194,0.5120967741935484,0.4879032258064516,0.0004974557133053268,0.21228859239879788,0.4783257525277713,248,False
pair_session,EURUSD,london,range_regime,compressed,1.937768457206263e-05,3.0526095450745925e-05,0.0009333420520299435,0.002617209103091069,0.5922330097087378,0.4077669902912621,0.5184466019417475,0.4815533980582524,0.00040841185924984756,0.12561169913393266,0.47709288404777656,515,False
pair_session,EURUSD,london,range_regime,expanded,-0.00016408681407524184,-0.00014886321316920278,0.0035895266878938777,0.005949771115489736,0.5567375886524822,0.4379432624113475,0.4929078014184397,0.5070921985815603,0.0006438697711001597,0.32431926900996877,0.4800956228655375,564,False
pair_session,EURUSD,london,range_regime,normal,-0.00013984848063656354,-0.00020924344312406957,0.0017485084626142795,0.003757342504723624,0.5474254742547425,0.44579945799457993,0.46070460704607047,0.537940379403794,0.0004840080098470997,0.19734266053451646,0.4807104909827246,738,False
pair_session,EURUSD,london,range_regime,unknown,4.909544355379321e-05,-0.000775479905947251,0.002503226861126098,0.0036104364964903842,0.4,0.6,0.4,0.6,0.0003645847144436197,0.3429795747653528,0.43460916793620186,5,True
pair_session,EURUSD,london,volatility_regime,high,-0.00018582548850528896,-0.00016753627552828864,0.0031650818890305537,0.00599704295639276,0.5542763157894737,0.4440789473684211,0.4868421052631579,0.5131578947368421,0.0007637869659077142,0.23330133846446766,0.47292029657394513,608,False
pair_session,EURUSD,london,volatility_regime,low,-3.7254518179399115e-05,-2.2329802247219257e-05,0.0012954512147742207,0.0026361788649781827,0.5551894563426688,0.4415156507413509,0.4942339373970346,0.5057660626029654,0.0003130768803070098,0.21009249963435148,0.4776590378040278,607,False
pair_session,EURUSD,london,volatility_regime,medium,-8.226156100449445e-05,-0.00012311227839797645,0.001807859823037905,0.0037036933437694284,0.5782537067545305,0.4135090609555189,0.4794069192751236,0.5189456342668863,0.000458114253105921,0.20689705611112016,0.48754461038170727,607,False
pair_session,EURUSD,new_york,extreme_regime,intermediate,-6.96059665063595e-05,-4.92068957963671e-05,0.0030308684618755304,0.00533162447477416,0.5251479289940828,0.4630177514792899,0.48372781065088755,0.5133136094674556,0.00042464867734938905,0.24385583177646797,0.4892977537959461,676,False
pair_session,EURUSD,new_york,extreme_regime,recent_extreme,0.0003914150584333804,0.0004946263963229876,0.002759412165519401,0.005154318151023877,0.6037735849056604,0.3915094339622642,0.5660377358490566,0.4339622641509434,0.00042900936403709767,0.25077854111855197,0.5083170308163744,212,False
pair_session,EURUSD,new_york,extreme_regime,stale,-0.00013320017053837407,-1.7075948677179533e-05,0.00300781904984352,0.005303401768891611,0.5307167235494881,0.45733788395904434,0.49402730375426623,0.5034129692832765,0.00042311588420850774,0.2497706571267534,0.4945212419930712,1172,False
pair_session,EURUSD,new_york,range_regime,compressed,6.388579330413105e-05,1.373953505402039e-05,0.0009933948270091971,0.002437352149315555,0.6055172413793104,0.3793103448275862,0.5131034482758621,0.48,0.0003216101667842111,0.24638616874888966,0.5061651090881042,725,False
pair_session,EURUSD,new_york,range_regime,expanded,-0.00029167583011829016,-0.0008637971970472993,0.005397305763698522,0.008257896665764248,0.499302649930265,0.4895397489539749,0.47419804741980476,0.5258019525801952,0.0005247706739854192,0.3069847774598946,0.48101981335950894,717,False
pair_session,EURUSD,new_york,range_regime,normal,7.51979727454528e-05,4.913390328653662e-05,0.00252657583303089,0.00521200830566512,0.49755301794453505,0.49592169657422513,0.5089722675367048,0.4910277324632953,0.00042834935986496,0.18059894220521305,0.4961274955380301,613,False
pair_session,EURUSD,new_york,range_regime,unknown,-0.0006932456170080629,-0.003086637139909579,0.00403118358662658,0.005905431425180216,0.6,0.4,0.4,0.6,0.00037964111862073043,0.2595187594190594,0.42406453651089304,5,True
pair_session,EURUSD,new_york,volatility_regime,high,-2.1786521500094272e-05,0.00016408461296527963,0.004498570858220589,0.008050429569812447,0.519650655021834,0.4657933042212518,0.519650655021834,0.4774381368267831,0.0006690167964971012,0.22788255879460179,0.49147715107005835,687,False
pair_session,EURUSD,new_york,volatility_regime,low,3.313624684279721e-05,4.310865104245953e-06,0.0016269755721662802,0.0028245909233328486,0.5851528384279476,0.4002911208151383,0.5007278020378457,0.4978165938864629,0.00022372265999216195,0.28946027655249884,0.5104666801954035,687,False
pair_session,EURUSD,new_york,volatility_regime,medium,-0.0001865619564895535,-0.0001802658534607691,0.0028436967755959153,0.005016532634569306,0.5043731778425656,0.4912536443148688,0.4737609329446064,0.5233236151603499,0.00037987215852521727,0.22642605724070292,0.4807171656496181,686,False
pair_session,GBPUSD,asia,extreme_regime,intermediate,4.184115794636086e-05,7.64540606664585e-05,0.0014109752087117038,0.0028388435343763697,0.5311355311355311,0.46153846153846156,0.5164835164835165,0.4835164835164835,0.00033160657526909866,0.1961353737804256,0.534339452927341,273,False
pair_session,GBPUSD,asia,extreme_regime,recent_extreme,-0.0002178389377230613,-0.00014922786549736343,0.0014985503006426984,0.0032060086746746818,0.6271186440677966,0.3686440677966102,0.4470338983050847,0.5529661016949152,0.00039491417420669774,0.18002619113281698,0.47549504652000874,472,False
pair_session,GBPUSD,asia,extreme_regime,stale,-8.874683553115427e-06,4.9041798702097244e-05,0.0013244335608759714,0.002736973702963156,0.5626740947075209,0.4308263695450325,0.5143918291550603,0.48375116063138346,0.0003201834832788147,0.1924073522928854,0.4972026783247913,1077,False
pair_session,GBPUSD,asia,range_regime,compressed,-4.836545400589688e-05,-1.571651221572358e-05,0.0006797576649891367,0.0018626636509117443,0.603112840466926,0.38910505836575876,0.48443579766536965,0.5116731517509727,0.0002772538375973018,0.11398428367157222,0.4939811272589043,514,False
pair_session,GBPUSD,asia,range_regime,expanded,-0.00011556784953225922,-0.00013087145431841117,0.0023812924460738026,0.00424003632888702,0.5767195767195767,0.41622574955908287,0.48677248677248675,0.5132275132275133,0.00043764332585819436,0.2824011678545818,0.5002559494566432,567,False
pair_session,GBPUSD,asia,range_regime,normal,-1.4456173240043467e-05,5.0173967260719744e-05,0.0011073605719852245,0.0025333757564515017,0.5516304347826086,0.44429347826086957,0.5122282608695652,0.48777173913043476,0.00031217443197874013,0.1715785704924133,0.4975572954067972,736,False
pair_session,GBPUSD,asia,range_regime,unknown,1.4236175172049372e-05,0.0004833359775378439,0.0008642562471364948,0.001977357125327226,0.8,0.2,0.8,0.2,0.00027061530846933063,0.14976516260623324,0.40840499800241953,5,True
pair_session,GBPUSD,asia,volatility_regime,high,-0.00014730463525471226,-2.0207839484799436e-05,0.0020595768196485145,0.00429594745277655,0.5822368421052632,0.4128289473684211,0.4934210526315789,0.506578947368421,0.0005178256549058709,0.19402426007649187,0.4955369984330061,608,False
pair_session,GBPUSD,asia,volatility_regime,low,-7.792024938970032e-06,3.984587615130879e-06,0.000857678947307133,0.001778099718410879,0.5749588138385503,0.4135090609555189,0.5024711696869851,0.4942339373970346,0.00020714020829654242,0.18572443513746328,0.5023861763399275,607,False
pair_session,GBPUSD,asia,volatility_regime,medium,-1.0979241021110148e-05,-7.791772667291706e-06,0.0012291484210598743,0.0025448409836226885,0.5667215815485996,0.4316309719934102,0.4958813838550247,0.5041186161449753,0.0002985067415923195,0.18951986066101498,0.4935102357113751,607,False
pair_session,GBPUSD,london,extreme_regime,intermediate,-0.00014092704077093917,-0.0001626796254196886,0.0024787217852635006,0.005171578682221545,0.5493975903614458,0.44819277108433736,0.4602409638554217,0.5397590361445783,0.0006364491494097427,0.20424177417928976,0.49738747183763626,415,False
pair_session,GBPUSD,london,extreme_regime,recent_extreme,-8.328989419239837e-05,-8.273525293940107e-05,0.0026409741073916654,0.005258593144278016,0.5836120401337793,0.41387959866220736,0.49247491638795987,0.5075250836120402,0.0006561914564772208,0.2159117131795068,0.49574541796491006,1196,False
pair_session,GBPUSD,london,extreme_regime,stale,-0.0001434345148116188,1.0743600395442026e-05,0.0025968487280080364,0.005065427359239247,0.5,0.49523809523809526,0.5047619047619047,0.49523809523809526,0.0006210032544581735,0.22065251671077396,0.5124532281879064,210,False
pair_session,GBPUSD,london,range_regime,compressed,7.146388086577282e-06,-7.843414081158526e-06,0.0011807884999808403,0.0032761432987630556,0.589041095890411,0.4050880626223092,0.4931506849315068,0.5068493150684932,0.0005116087241143408,0.1289061466750915,0.5003373840783745,511,False
pair_session,GBPUSD,london,range_regime,expanded,-0.00038537887554689065,-0.0007244406360692456,0.004504752985480351,0.007652515562651828,0.5519031141868512,0.444636678200692,0.4671280276816609,0.532871972318339,0.0008201029088956385,0.3183524135885741,0.4867396805352365,578,False
pair_session,GBPUSD,london,range_regime,normal,3.9364777283000216e-05,-2.3425329809102687e-05,0.0020879122186485393,0.004658508914564492,0.5598349381017882,0.4401650618982118,0.49793672627235214,0.5020632737276479,0.0006083335540537285,0.1903383208702983,0.5042950503073658,727,False
pair_session,GBPUSD,london,range_regime,unknown,0.0004516618369264982,-2.21444705256909e-05,0.001514094830226387,0.0030446194699253982,0.8,0.2,0.4,0.6,0.00032640584536957365,0.21461569569669736,0.6624116862481924,5,True
pair_session,GBPUSD,london,volatility_regime,high,-0.00027762597101084084,-0.00031558624786507593,0.0037691039460199475,0.007495769377985659,0.5469522240527183,0.4514003294892916,0.4645799011532125,0.5354200988467874,0.0009520701224188235,0.21781404420344344,0.4774409168708074,607,False
pair_session,GBPUSD,london,volatility_regime,low,-2.0908650659636908e-05,-7.40417151027737e-06,0.0017195630208588443,0.0034195102368873398,0.5848434925864909,0.4102141680395387,0.4975288303130148,0.5024711696869851,0.00040580966100117575,0.2172390925571988,0.5084577536878732,607,False
pair_session,GBPUSD,london,volatility_regime,medium,-1.1548876656520848e-05,-6.830895782098467e-05,0.0023080592377447205,0.004734180515470809,0.5667215815485996,0.4316309719934102,0.4975288303130148,0.5024711696869851,0.0005850231200198948,0.20634352511144657,0.508240536390433,607,False
pair_session,GBPUSD,new_york,extreme_regime,intermediate,0.0001033014180753372,0.00015535398685233116,0.003846536483187889,0.006812192212123465,0.49829931972789115,0.4965986394557823,0.5238095238095238,0.47619047619047616,0.0005257490214457474,0.23375437102330104,0.5107415858549758,588,False
pair_session,GBPUSD,new_york,extreme_regime,recent_extreme,-0.0004633009640571503,-4.508269427097522e-05,0.0038837386383703786,0.0067779524577062785,0.5394736842105263,0.4605263157894737,0.4868421052631579,0.5131578947368421,0.0005596067947650735,0.2470651076682783,0.5033487010033398,228,False
pair_session,GBPUSD,new_york,extreme_regime,stale,2.1931106141771988e-05,-5.702526247360194e-05,0.00377770907057868,0.006612338461974654,0.5140350877192983,0.4780701754385965,0.48771929824561405,0.5105263157894737,0.0005098917434815446,0.2352166004815443,0.5027001097583707,1140,False
pair_session,GBPUSD,new_york,range_regime,compressed,8.005676179691482e-06,-1.5025618679780762e-05,0.001399269154479503,0.003489980351341815,0.5873261205564142,0.40649149922720246,0.49613601236476046,0.5023183925811437,0.00041611712916217816,0.2045531511405115,0.5057093403234628,647,False
pair_session,GBPUSD,new_york,range_regime,expanded,-0.00015969296104395193,-0.0006806735914383803,0.006792025549364316,0.010316732595280112,0.4643377001455604,0.5312954876273653,0.48180494905385735,0.5181950509461426,0.0006447708465863592,0.3092978677081825,0.498049378468307,687,False
pair_session,GBPUSD,new_york,range_regime,normal,0.00012901598877615246,0.00019581925882405034,0.003025248243368572,0.006026377044694796,0.49108589951377635,0.5008103727714749,0.5170178282009724,0.4813614262560778,0.0004927264422976605,0.18792257441454518,0.5114389206697519,617,False
pair_session,GBPUSD,new_york,range_regime,unknown,0.0010073203397873236,0.0011474278799148269,0.003163468120537273,0.005024162176890888,0.0,1.0,0.8,0.2,0.0003619584630164832,0.22871738836445216,0.6492002371571148,5,True
pair_session,GBPUSD,new_york,volatility_regime,high,-7.634430789913966e-05,-9.187481646425933e-05,0.005478401427463188,0.009729320714476367,0.5015337423312883,0.495398773006135,0.49233128834355827,0.5076687116564417,0.0008032233420551033,0.2237976726705042,0.49821910639330813,652,False
pair_session,GBPUSD,new_york,volatility_regime,low,8.661865769596856e-05,3.848114558290268e-05,0.002477961974939988,0.004239699861230728,0.5368098159509203,0.4570552147239264,0.5061349693251533,0.49233128834355827,0.0003002951154703842,0.2608619724500143,0.5078489205197647,652,False
pair_session,GBPUSD,new_york,volatility_regime,medium,-4.07803696973073e-05,-3.831880272938559e-06,0.003475912981220474,0.0061061451110056885,0.49846625766871167,0.49233128834355827,0.49693251533742333,0.5015337423312883,0.00045784252619459996,0.22381480159578354,0.5095112390931079,652,False
pair_session,USDJPY,asia,extreme_regime,intermediate,4.3417568054301285e-05,-5.1571924711337665e-05,0.0017840919888035805,0.003451917855133417,0.573076923076923,0.4230769230769231,0.49230769230769234,0.5038461538461538,0.0003722785514057464,0.21511663962864766,0.5095956065294414,260,False
pair_session,USDJPY,asia,extreme_regime,recent_extreme,2.4598662063559545e-05,0.0001492876410614343,0.002046741255324563,0.0042116245128558365,0.6265822784810127,0.37130801687763715,0.5263713080168776,0.47362869198312235,0.0004748645548745542,0.19762132785864953,0.5512457121823098,948,False
pair_session,USDJPY,asia,extreme_regime,stale,0.00011467913961965762,8.978555754727579e-05,0.001478281100715555,0.0031662211550373973,0.5732899022801303,0.4201954397394137,0.5293159609120521,0.47068403908794787,0.0003550199290375204,0.18705825094351858,0.5349617928162078,614,False
pair_session,USDJPY,asia,range_regime,compressed,0.0001008824256854533,0.00014745814477428484,0.000787782016848503,0.002191263280723425,0.6182432432432432,0.3766891891891892,0.5641891891891891,0.4358108108108108,0.0002961706513903453,0.1264309937803647,0.5403612834778838,592,False
pair_session,USDJPY,asia,range_regime,expanded,-2.2812174303502927e-05,8.930724371058305e-05,0.0032456122555244793,0.005813096449622845,0.5704584040747029,0.4295415959252971,0.5025466893039049,0.49745331069609505,0.0005795831166716222,0.28344477291461134,0.5368697419130264,589,False
pair_session,USDJPY,asia,range_regime,normal,8.957103512319497e-05,7.757567138105693e-06,0.001460531431621118,0.0033057031082552786,0.6163522012578616,0.37735849056603776,0.5015723270440252,0.4968553459119497,0.0003886378367987487,0.1812847859522558,0.5425240248653216,636,False
pair_session,USDJPY,asia,range_regime,unknown,0.0003535774754930852,0.00042314185051066036,0.0009817319973409238,0.00212192436970049,0.2,0.8,0.6,0.4,0.00021302245378698216,0.207173552490376,0.47737920312235105,5,True
pair_session,USDJPY,asia,volatility_regime,high,-8.162344214703321e-05,-0.00016671179646574343,0.0030542162187354124,0.0062446183711387295,0.5904605263157895,0.40789473684210525,0.48519736842105265,0.5148026315789473,0.0006950244726237891,0.20437322192135846,0.5220744865057957,608,False
pair_session,USDJPY,asia,volatility_regime,low,0.00014135526700736494,0.00015389572602704846,0.0008845475352376053,0.0019059434609964613,0.6260296540362438,0.37067545304777594,0.556836902800659,0.443163097199341,0.00021366268916380186,0.18819947954506466,0.5462822764037061,607,False
pair_session,USDJPY,asia,volatility_regime,medium,0.00011341926986617503,0.00010388531061703795,0.0015122823856599844,0.003098093606652033,0.586490939044481,0.40691927512355847,0.5255354200988468,0.4728171334431631,0.00035037582559788714,0.19708914033068922,0.5511164811582581,607,False
pair_session,USDJPY,london,extreme_regime,intermediate,0.00013820213636706613,0.00019226212033810386,0.0019442433187269155,0.0038857962064493203,0.567409144196952,0.42672919109026963,0.5287221570926143,0.47010550996483,0.0004719830928386701,0.2155817271533341,0.5484757557089182,853,False
pair_session,USDJPY,london,extreme_regime,recent_extreme,0.0001066330887666728,0.00013171400801182867,0.0020251862331188996,0.00400332956649508,0.5774436090225564,0.41654135338345866,0.5293233082706766,0.4706766917293233,0.0004842832652253084,0.22379084210412775,0.5425674968407713,665,False
pair_session,USDJPY,london,extreme_regime,stale,-0.0001484953216697805,0.00013468470090922084,0.0019644848796285517,0.0036145880312935348,0.5361842105263158,0.4605263157894737,0.5328947368421053,0.46710526315789475,0.0004290243671698783,0.22559285327270673,0.5181399270579924,304,False
pair_session,USDJPY,london,range_regime,compressed,0.00014949582037670277,0.00010723812672866033,0.000849084435381844,0.002248691547027983,0.5900514579759862,0.40308747855917665,0.5454545454545454,0.4528301886792453,0.00032643909562390824,0.14427456458168378,0.5457098521633854,583,False
pair_session,USDJPY,london,range_regime,expanded,-7.324044178684374e-05,0.00016291951775818821,0.0033439041836967835,0.005793145770647592,0.5492957746478874,0.4491392801251956,0.5086071987480438,0.49139280125195617,0.0006375141366844992,0.3029854161501791,0.5307505890828275,639,False
pair_session,USDJPY,london,range_regime,normal,0.0001805173914094549,0.00027308240608728024,0.0016173044561583623,0.003443767479140497,0.561344537815126,0.43025210084033616,0.5378151260504201,0.46218487394957986,0.00043020100470658116,0.20540442585221566,0.5493378902182752,595,False
pair_session,USDJPY,london,range_regime,unknown,-0.0008216840606237327,-0.00038734495071364564,0.0016649297362243448,0.0027568235768022364,0.4,0.6,0.4,0.6,0.0002836466590618868,0.27139304055747676,0.4034455858791296,5,True
pair_session,USDJPY,london,volatility_regime,high,-8.083879339243884e-05,0.0002483287693467507,0.0033326619146357697,0.006326011661393769,0.5542763157894737,0.43914473684210525,0.5164473684210527,0.48355263157894735,0.0007730612681890215,0.23924317876025417,0.5337999212498699,608,False
pair_session,USDJPY,london,volatility_regime,low,0.00019116928216763083,0.00017505067256316065,0.0009204495143880328,0.0019962987904639145,0.5518945634266886,0.4415156507413509,0.5601317957166392,0.4382207578253707,0.00024068464432487315,0.19785070799022933,0.5531253334914665,607,False
pair_session,USDJPY,london,volatility_regime,medium,0.00012646636024741755,7.796460406963218e-05,0.0016761457989672539,0.0033239944504031716,0.5914332784184514,0.4052718286655684,0.5123558484349259,0.4876441515650741,0.0003936680840555777,0.22361963462872822,0.5368604831881528,607,False
pair_session,USDJPY,new_york,extreme_regime,intermediate,3.784362367653738e-05,2.2597031653901387e-05,0.0036665548796846895,0.0063589857749130054,0.5342902711323764,0.4609250398724083,0.5007974481658692,0.49760765550239233,0.00044638040003628585,0.21762941265896027,0.538970484171212,627,False
pair_session,USDJPY,new_york,extreme_regime,recent_extreme,0.00042959117665796,0.0007271348571764236,0.0040122292134404025,0.007130716953275396,0.5109289617486339,0.48360655737704916,0.587431693989071,0.412568306010929,0.0004999552424158445,0.22112990481960773,0.5656223908421958,366,False
pair_session,USDJPY,new_york,extreme_regime,stale,0.0002999400723046143,0.00036024643797149343,0.003726044173096052,0.006419298062422202,0.49095295536791317,0.5042219541616405,0.5319662243667069,0.4680337756332931,0.00045511857321715323,0.21909195650694513,0.552674576041823,829,False
pair_session,USDJPY,new_york,range_regime,compressed,0.0003815860648445932,0.00027394233955600056,0.001445727738237742,0.0035841077250809736,0.507177033492823,0.4864433811802233,0.5725677830940988,0.4258373205741627,0.0003409984353269329,0.1278253505112781,0.5656528761700422,627,False
pair_session,USDJPY,new_york,range_regime,expanded,-7.448825605315402e-05,-0.0005089750317714271,0.006710083793073111,0.010199911598977669,0.48673946957878317,0.5101404056162246,0.48829953198127923,0.5117004680187207,0.0006024814811812439,0.31965559359854434,0.5406911888341395,641,False
pair_session,USDJPY,new_york,range_regime,normal,0.0004273963868431136,0.0006073030957734046,0.002984615389707257,0.00566738550602635,0.5409836065573771,0.453551912568306,0.5373406193078324,0.46265938069216755,0.000434348076296348,0.20615632618768823,0.5442672193082726,549,False
pair_session,USDJPY,new_york,range_regime,unknown,0.0006921071476339942,0.0019280005343188223,0.0020215137987806262,0.004350211627666664,0.4,0.6,0.6,0.4,0.0003407368940221981,0.1577731002245757,0.6138806721446748,5,True
pair_session,USDJPY,new_york,volatility_regime,high,-0.0006632510143855649,-0.0007827912143672065,0.005906133647048507,0.010346156900690507,0.5493421052631579,0.4457236842105263,0.44901315789473684,0.5509868421052632,0.0007478520443989365,0.22512319410376733,0.5122593205700362,608,False
pair_session,USDJPY,new_york,volatility_regime,low,0.0006023018056624343,0.0004921063962977102,0.0020158872976119295,0.003554849852240121,0.4794069192751236,0.514003294892916,0.5831960461285008,0.41515650741350907,0.000245884915188177,0.20797564253468206,0.5659958752845508,607,False
pair_session,USDJPY,new_york,volatility_regime,medium,0.0007697991159009116,0.0007295461576466848,0.0033636302703825074,0.005717079610523349,0.500823723228995,0.4958813838550247,0.5650741350906096,0.43492586490939045,0.0003891453710546845,0.22388517596665486,0.5734865715946631,607,False
pooled_session,ALL,asia,extreme_regime,intermediate,2.403471608385242e-05,-1.3757239747303557e-05,0.0013964547211309747,0.002834879543768775,0.5342960288808665,0.4584837545126354,0.4897713598074609,0.50661853188929,0.00032519500764937014,0.19500545658337434,0.5066819904343967,831,False
pooled_session,ALL,asia,extreme_regime,recent_extreme,-6.402312706666369e-05,-3.086253057322521e-05,0.0017204179918218771,0.003558138227758114,0.6340338288057407,0.3639159405433111,0.49154279856483857,0.5084572014351615,0.0004132569256173912,0.19168550324398603,0.5175402676204446,1951,False
pooled_session,ALL,asia,extreme_regime,stale,1.090676912550904e-05,4.327991814758329e-05,0.0012771893758714993,0.002672704242393977,0.5581222056631893,0.4355439642324888,0.517511177347243,0.481371087928465,0.0003093716496200795,0.18962443769867773,0.5033903151861957,2684,False
pooled_session,ALL,asia,range_regime,compressed,1.7168175669394676e-05,2.4973510240738068e-05,0.0006778383596651427,0.001879867806957125,0.6070307595731325,0.386691776522285,0.5160075329566854,0.4821092278719397,0.00026913528728262563,0.11818358113507811,0.5107283076376206,1593,False
pooled_session,ALL,asia,range_regime,expanded,-8.020570348641553e-05,-0.00014940101985864656,0.0025440075052283553,0.004542450106787657,0.5707629586488061,0.4263249854397204,0.48922539312754804,0.5107746068724519,0.00045961096388551074,0.28045562340652674,0.5063980031272017,1717,False
pooled_session,ALL,asia,range_regime,normal,1.588922868079335e-05,2.6364587086626245e-05,0.0011587548519822672,0.0026366231045948773,0.572162540868753,0.422232601588043,0.5063054647361046,0.49229332087809435,0.000320012078879809,0.17387560020230625,0.5102967537121352,2141,False
pooled_session,ALL,asia,range_regime,unknown,4.552979538253119e-05,0.00042314185051066036,0.0010809419083822366,0.0021482968692418465,0.4666666666666667,0.5333333333333333,0.6,0.4,0.00025496148680898185,0.19356879084855963,0.4168324669602742,15,True
pooled_session,ALL,asia,volatility_regime,high,-8.66879182620881e-05,-5.8349984575619107e-05,0.0022907580042719677,0.004729252058354635,0.5860745614035088,0.4106359649122807,0.49122807017543857,0.5082236842105263,0.000549962653369415,0.19611778791275186,0.5041966059997454,1824,False
pooled_session,ALL,asia,volatility_regime,low,3.398493837013385e-05,4.3991817521838385e-05,0.0008095371044674804,0.0017124419944587028,0.5815485996705108,0.4096650192202087,0.5178473366282262,0.47995606809445357,0.0001958122664244939,0.1860818843969442,0.5153439950131952,1821,False
pooled_session,ALL,asia,volatility_regime,medium,1.1295819126590729e-05,7.500862599447912e-06,0.0012588995019857637,0.0025956826707661806,0.5771554091158704,0.4200988467874794,0.5030203185063152,0.4964305326743548,0.00030046611966591655,0.19132673552628068,0.5072912563842156,1821,False
pooled_session,ALL,london,extreme_regime,intermediate,-1.1229846006600984e-06,1.8334091143368198e-06,0.0021260933438973628,0.004271107147505445,0.5549199084668193,0.4399313501144165,0.5,0.4994279176201373,0.0005241669562235184,0.2124567278152203,0.5154792920019985,1748,False
pooled_session,ALL,london,extreme_regime,recent_extreme,-4.3590132043461134e-05,-1.2678181272531217e-05,0.0023016491037205324,0.004554039270073033,0.5820642978003384,0.4138747884940778,0.4971235194585448,0.5025380710659898,0.0005639471964105323,0.21882937783286802,0.5014267652916382,2955,False
pooled_session,ALL,london,extreme_regime,stale,-0.00013034406132101596,7.925052312242288e-05,0.0021329395372276286,0.0041289745377213775,0.520997375328084,0.4763779527559055,0.5183727034120735,0.4816272965879265,0.000504203553747481,0.21990134753158433,0.5036148325091566,762,False
pooled_session,ALL,london,range_regime,compressed,6.263976081197698e-05,4.188949551091013e-05,0.0009813985743401153,0.0026929515759335837,0.5904288377874456,0.40522063393412056,0.5201988812927284,0.4791796146674953,0.0004114842500216521,0.13342022197393955,0.509337527880614,1609,False
pooled_session,ALL,london,range_regime,expanded,-0.00020330971112090529,-0.00020523620009632937,0.0037984250707254544,0.006446179141938674,0.5524985962942167,0.4441325098259405,0.4901740595171252,0.5098259404828748,0.0006987835853922313,0.3147284916876938,0.5004262173326539,1781,False
pooled_session,ALL,london,range_regime,normal,1.5931001098826658e-05,-1.775156403429438e-05,0.0018303920290199283,0.003984804077409232,0.5558252427184466,0.4393203883495146,0.4961165048543689,0.5033980582524272,0.0005123427198372019,0.19719926025691664,0.5088557711643589,2060,False
pooled_session,ALL,london,range_regime,unknown,-0.00010697559338114706,-0.0002876424383229063,0.0018940838091922765,0.0031372931810726727,0.5333333333333333,0.4666666666666667,0.4,0.6,0.00032487907295836003,0.27632943700650897,0.5001554800211746,15,True
pooled_session,ALL,london,volatility_regime,high,-0.0001813773164001091,-0.0001398084173686299,0.0034220923356353444,0.0066057867361774564,0.5518376302797586,0.4448710916072408,0.48930334613274823,0.5106966538672518,0.0008295722932742957,0.23012627060017612,0.4947298568170376,1823,False
pooled_session,ALL,london,volatility_regime,low,4.433537110953161e-05,5.318866017763518e-05,0.0013118212500070326,0.002683995964109812,0.5639758374519495,0.43108182317408017,0.5172981878088962,0.48215266337177376,0.00031985706187768624,0.2083941000605932,0.5130807083277892,1821,False
pooled_session,ALL,london,volatility_regime,medium,1.0885307528800753e-05,-2.2762969201649617e-05,0.0019306882865832932,0.003920622769881136,0.5788028555738605,0.41680395387149916,0.4964305326743548,0.5030203185063152,0.0004789351523937978,0.21228673861709832,0.510881876653431,1821,False
pooled_session,ALL,new_york,extreme_regime,intermediate,1.9786119785927125e-05,1.3357971369304472e-05,0.003495272576364166,0.0061326447628484325,0.5198307773664728,0.4727657324167107,0.5018508725542041,0.4965626652564781,0.00046329108478108814,0.23201890755143387,0.5124356571254021,1891,False
pooled_session,ALL,new_york,extreme_regime,recent_extreme,0.00016696990476384587,0.0003755465981930665,0.0036463569240170555,0.006511080661628895,0.543424317617866,0.45285359801488834,0.5533498759305211,0.4466501240694789,0.0004981686763107947,0.2362648144286314,0.532933634503817,806,False
pooled_session,ALL,new_york,extreme_regime,stale,3.742157945596016e-05,9.251977610069359e-06,0.003476804484677786,0.0060729865690990386,0.5141674625915313,0.47723654886978667,0.5017510347023241,0.49665711556829034,0.00046305689304627565,0.23639139339247786,0.5128380274686702,3141,False
pooled_session,ALL,new_york,range_regime,compressed,0.00014544839184157845,7.206272339443458e-05,0.0012666381612831269,0.00313773543731751,0.568784392196098,0.42171085542771386,0.5262631315657829,0.4702351175587794,0.0003582797260812752,0.1956590074544409,0.5246763384876301,1999,False
pooled_session,ALL,new_york,range_regime,expanded,-0.00017926044330664098,-0.000683078527067071,0.006277336673029334,0.00955826432139613,0.48361858190709045,0.5100244498777506,0.4811735941320293,0.5188264058679707,0.0005894419434178737,0.3117334748415319,0.5054445873981311,2045,False
pooled_session,ALL,new_york,range_regime,normal,0.00020255190485931308,0.00021487159356223964,0.0028408785838986107,0.005634980534433881,0.5087127599775154,0.48454187745924676,0.5205171444631815,0.47892074198988194,0.0004525280867799731,0.19102597136740349,0.5162938011345087,1779,False
pooled_session,ALL,new_york,range_regime,unknown,0.0003353939568044183,0.0011474278799148269,0.00307205516864816,0.005093268409912589,0.3333333333333333,0.6666666666666666,0.6,0.4,0.0003607788252198039,0.21533641600269574,0.5623818152708943,15,True
pooled_session,ALL,new_york,volatility_regime,high,-0.00024037002864264368,-0.00017279968402347072,0.005266237887883428,0.009329545770888327,0.5228556753980482,0.4694401643554186,0.4884437596302003,0.5105290190035953,0.0007385774017503796,0.22565295453936865,0.5002246158501022,1947,False
pooled_session,ALL,new_york,volatility_regime,low,0.00022859052540383904,8.957715658354444e-05,0.0020334054549792126,0.0035265016105662152,0.5359712230215827,0.45477903391572455,0.5282631038026722,0.47019527235354575,0.0002562908665059246,0.2544616809082878,0.5269103811772102,1946,False
pooled_session,ALL,new_york,volatility_regime,medium,0.0001607700566361827,0.00010317828811325914,0.0032178893706615573,0.005600419189345977,0.5012853470437018,0.4930591259640103,0.510025706940874,0.4884318766066838,0.00040890327406548673,0.22475775204078793,0.5193211580885887,1945,False
